<?xml version="1.0" encoding="UTF-8"?>
<preferences>
 <debug showDebugMenu="0" />
 <systemtable filter="All Interfaces">
  <columns>
   <connections preferredWidth="111" />
   <irq preferredWidth="34" />
   <inputclock preferredWidth="181" />
   <name preferredWidth="182" />
   <endaddress preferredWidth="102" />
   <baseaddress preferredWidth="113" />
  </columns>
 </systemtable>
 <library expandedCategories="Project,Library" />
 <window width="1876" height="1051" x="44" y="29" />
 <hdlexample language="VERILOG" />
</preferences>
