CLK_50M,Location,PIN_23,Yes
K2,Location,PIN_90,Yes
K3,Location,PIN_91,Yes
K4,Location,PIN_87,Yes
K5,Location,PIN_86,Yes
switch[0],Location,PIN_58,Yes
switch[1],Location,PIN_59,Yes
switch[2],Location,PIN_60,Yes
switch[3],Location,PIN_64,Yes
switch[4],Location,PIN_65,Yes
switch[5],Location,PIN_66,Yes
switch[6],Location,PIN_67,Yes
switch[7],Location,PIN_68,Yes
LED[0],Location,PIN_72,Yes
LED[1],Location,PIN_73,Yes
LED[2],Location,PIN_74,Yes
LED[3],Location,PIN_80,Yes
LED[4],Location,PIN_83,Yes
LED[5],Location,PIN_84,Yes
LED[6],Location,PIN_77,Yes
LED[7],Location,PIN_76,Yes
LED[8],Location,PIN_75,Yes
LED[9],Location,PIN_71,Yes
LED[10],Location,PIN_70,Yes
LED[11],Location,PIN_69,Yes
data[0],Location,PIN_101,Yes
data[1],Location,PIN_103,Yes
data[2],Location,PIN_104,Yes
data[3],Location,PIN_105,Yes
data[4],Location,PIN_106,Yes
data[5],Location,PIN_110,Yes
data[6],Location,PIN_111,Yes
data[7],Location,PIN_112,Yes
RS,Location,PIN_85,Yes
WR,Location,PIN_99,Yes
EN,Location,PIN_100,Yes
HEXBIT[0],Location,PIN_127,Yes
HEXBIT[1],Location,PIN_126,Yes
HEXBIT[2],Location,PIN_125,Yes
HEXBIT[3],Location,PIN_124,Yes
HEXBIT[4],Location,PIN_121,Yes
HEXBIT[5],Location,PIN_120,Yes
HEXBIT[6],Location,PIN_119,Yes
HEXBIT[7],Location,PIN_115,Yes
HEX[0],Location,PIN_128,Yes
HEX[1],Location,PIN_129,Yes
HEX[2],Location,PIN_132,Yes
HEX[3],Location,PIN_133,Yes
HEX[4],Location,PIN_135,Yes
HEX[5],Location,PIN_136,Yes
HEX[6],Location,PIN_137,Yes
HEX[7],Location,PIN_138,Yes
RX,Location,PIN_114,Yes
TX,Location,PIN_113,Yes
BELL,Location,PIN_141,Yes
CLK_50M,I/O Standard,2.5V,Yes
K2,I/O Standard,2.5V,Yes
K3,I/O Standard,2.5V,Yes
K4,I/O Standard,2.5V,Yes
K5,I/O Standard,2.5V,Yes
switch[0],I/O Standard,2.5V,Yes
switch[1],I/O Standard,2.5V,Yes
switch[2],I/O Standard,2.5V,Yes
switch[3],I/O Standard,2.5V,Yes
switch[4],I/O Standard,2.5V,Yes
switch[5],I/O Standard,2.5V,Yes
switch[6],I/O Standard,2.5V,Yes
switch[7],I/O Standard,2.5V,Yes
LED[0],I/O Standard,2.5V,Yes
LED[1],I/O Standard,2.5V,Yes
LED[2],I/O Standard,2.5V,Yes
LED[3],I/O Standard,2.5V,Yes
LED[4],I/O Standard,2.5V,Yes
LED[5],I/O Standard,2.5V,Yes
LED[6],I/O Standard,2.5V,Yes
LED[7],I/O Standard,2.5V,Yes
LED[8],I/O Standard,2.5V,Yes
LED[9],I/O Standard,2.5V,Yes
LED[10],I/O Standard,2.5V,Yes
LED[11],I/O Standard,2.5V,Yes
data[0],I/O Standard,2.5V,Yes
data[1],I/O Standard,2.5V,Yes
data[2],I/O Standard,2.5V,Yes
data[3],I/O Standard,2.5V,Yes
data[4],I/O Standard,2.5V,Yes
data[5],I/O Standard,2.5V,Yes
data[6],I/O Standard,2.5V,Yes
data[7],I/O Standard,2.5V,Yes
RS,I/O Standard,2.5V,Yes
WR,I/O Standard,2.5V,Yes
EN,I/O Standard,2.5V,Yes
HEXBIT[0],I/O Standard,2.5V,Yes
HEXBIT[1],I/O Standard,2.5V,Yes
HEXBIT[2],I/O Standard,2.5V,Yes
HEXBIT[3],I/O Standard,2.5V,Yes
HEXBIT[4],I/O Standard,2.5V,Yes
HEXBIT[5],I/O Standard,2.5V,Yes
HEXBIT[6],I/O Standard,2.5V,Yes
HEXBIT[7],I/O Standard,2.5V,Yes
HEX[0],I/O Standard,2.5V,Yes
HEX[1],I/O Standard,2.5V,Yes
HEX[2],I/O Standard,2.5V,Yes
HEX[3],I/O Standard,2.5V,Yes
HEX[4],I/O Standard,2.5V,Yes
HEX[5],I/O Standard,2.5V,Yes
HEX[6],I/O Standard,2.5V,Yes
HEX[7],I/O Standard,2.5V,Yes
RX,I/O Standard,2.5V,Yes
TX,I/O Standard,2.5V,Yes
BELL,I/O Standard,2.5V,Yes
